sentence,category,probability
"The role of credit scores in lending decisions is significant.
",Finance,0.7097322940826416
"The impact of overpopulation on the environment is a topic of ongoing research.
",Environment,0.7746328711509705
"The importance of the scientific method in conducting research cannot be overemphasized.
",Science,0.9242753982543945
"The nanotechnology research has potential applications in electronics and materials science.
",Technology,0.7919713854789734
"The benefits of using digital fashion in fashion are many, including reduced waste and improved creativity.
",Fashion,0.8651596307754517
"The theater company collaborates with local schools to bring the arts to underserved communities.
",Entertainment,0.7708295583724976
"The importance of portion control in maintaining a healthy weight cannot be overemphasized.
",Health,0.7652972340583801
"The indie film's ensemble cast delivers memorable performances that resonate with audiences.
",Environment,0.8389818072319031
"The latest iPhone model features advanced facial recognition technology.
",Technology,0.957176685333252
"The importance of meal planning cannot be overemphasized.
",Food,0.8375881314277649
"The space telescope captures images of distant galaxies to study their formation and evolution.
",Science,0.9318858981132507
"The political climate is becoming increasingly tense.
",Politics,0.9561499357223511
"The impact of overfishing on the environment is a topic of ongoing research.
",Environment,0.8472773432731628
"The best way to find the best local parks is to do your research ahead of time.
",Environment,0.7481181621551514
"The World Health Organization is urging countries to invest in health promotion programs.
",Health,0.9296401143074036
"The Supreme Court has ruled in favor of the plaintiff in the high-profile case.
",Environment,0.7191393971443176
"The indie film gained a cult following for its unconventional storytelling.
",Environment,0.7584205865859985
"The impact of urban heat islands on the environment is a topic of ongoing research.
",Environment,0.8055103421211243
"The two parties are struggling to find common ground.
",Politics,0.8840234875679016
"The importance of peer review in ensuring the quality and validity of scientific research cannot be overstated.
",Science,0.8926507830619812
"The skateboarder landed a difficult trick in the skate park.
",Sports,0.9276171922683716
"The importance of size inclusivity in fashion cannot be overstated.
",Fashion,0.9175150990486145
"The impact of mining on the environment is a topic of ongoing concern.
",Environment,0.8349113464355469
"The opposition party is calling for a referendum on the issue.
",Politics,0.9056211709976196
"The impact of the gig economy on cultural travel is a topic of ongoing debate.
",Travel,0.8732100129127502
"The impact of the gig economy on sustainable travel is a topic of ongoing debate.
",Travel,0.9662660956382751
"The athlete trained tirelessly to achieve peak performance.
",Sports,0.9720465540885925
"The benefits of traveling with a group are many, including safety and cost savings.
",Travel,0.8353828191757202
"The importance of scientific collaboration in addressing global challenges cannot be overemphasized.
",Science,0.8533989191055298
"The importance of food affordability cannot be overemphasized.
",Food,0.9681777358055115
"The importance of extracurricular activities in education cannot be overemphasized.
",Education,0.8413313627243042
"The impact of the digital economy on cultural travel is a topic of ongoing debate.
",Travel,0.8687965869903564
"The benefits of 3D printing are many, including improved customization and reduced waste.
",Technology,0.9411225914955139
"The American Heart Association recommends a diet low in sodium to reduce the risk of high blood pressure.
",Health,0.7365002036094666
"The sports psychology professor conducts research on peak performance.
",Sports,0.929560661315918
"The basketball player dribbled past defenders to score a layup.
",Sports,0.9859225749969482
"The benefits of a competency-based education are many, including improved mastery and skill development skills.
",Education,0.829648494720459
"The benefits of a good night's sleep cannot be overstated.
",Health,0.7334169149398804
"The benefits of a self-directed learning education are many, including improved self-discipline and responsibility skills.
",Education,0.8255811333656311
"The benefits of traveling by RV are many, including flexibility and cost savings.
",Travel,0.8307575583457947
"The impact of fashion on cultural diversity is a topic of ongoing research.
",Fashion,0.8214105367660522
"The best way to find the best local food tours is to do your research ahead of time.
",Food,0.929564356803894
"The athlete overcame adversity to achieve greatness.
",Sports,0.9439390897750854
"The impact of climate change on human health is a topic of ongoing scientific research.
",Science,0.8941916823387146
"The gymnastics coach guided the team to victory in the regional competition.
",Sports,0.9603618383407593
"The importance of entrepreneurship education in education cannot be overemphasized.
",Education,0.91478031873703
"The benefits of a healthy lifestyle for reducing the risk of stroke are well established.
",Health,0.787421464920044
"The importance of food justice cannot be overstated.
",Food,0.969186007976532
"The cricket bowler delivered a fast-paced ball that caught the batsman off guard.
",Sports,0.9349967837333679
"The sports scientist studies the physiological effects of exercise on the body.
",Sports,0.9597111344337463
"The importance of vegan fashion in promoting animal welfare cannot be overemphasized.
",Fashion,0.7228401303291321
"The equestrian rider cleared the obstacles with precision and grace.
",Sports,0.8902021050453186
"The importance of environmental education in education cannot be overstated.
",Environment,0.9331392049789429
"The link between stress and immune function is well established.
",Health,0.8363040685653687
"The impact of air pollution on human health is a topic of ongoing scientific research.
",Science,0.9061552882194519
"The importance of science advocacy in promoting evidence-based policy and funding cannot be overstated.
",Science,0.9272285103797913
"The biotech startup is developing groundbreaking therapies for cancer treatment.
",Technology,0.8533070087432861
"The autonomous robot navigates warehouses to retrieve and transport items.
",Technology,0.858056366443634
"The benefits of regular exercise for bone health are well documented.
",Health,0.7950701117515564
"The impact of fashion on cultural identity is a topic of ongoing research.
",Fashion,0.8405901193618774
"The importance of scientific reproducibility in ensuring the reliability of research cannot be overemphasized.
",Science,0.8915054202079773
"The 3D printing technology revolutionizes manufacturing with its ability to create complex objects.
",Technology,0.9456510543823242
"The impact of food trends on nutrition is a topic of concern.
",Food,0.8732277154922485
"The sports science research center collaborates with universities on cutting-edge studies.
",Sports,0.9355161190032959
"The impact of biodiversity loss on ecosystems is a topic of ongoing scientific research.
",Science,0.8867523074150085
"The sports memorabilia collector owns rare items signed by legendary athletes.
",Sports,0.9201427102088928
"The link between air pollution and respiratory diseases is well established.
",Environment,0.7347486615180969
"The drone pilot operates the aircraft to capture aerial footage for film and television.
",Technology,0.9325374364852905
"The impact of educational attainment on democracy is a topic of ongoing research.
",Education,0.8006802201271057
"The best way to find the best local adventure sports is to do your research ahead of time.
",Sports,0.8774310946464539
"The importance of cultural competence education in education cannot be overemphasized.
",Education,0.8054087162017822
"The importance of food traceability cannot be overemphasized.
",Food,0.9117778539657593
"The benefits of using sustainable manufacturing practices in fashion are many, including reduced waste and improved sustainability.
",Fashion,0.9620317220687866
"The impact of air pollution on the environment is a topic of ongoing concern.
",Environment,0.8351786732673645
"The benefits of using sustainable textiles in fashion are many, including reduced environmental impact and improved sustainability.
",Fashion,0.8866904377937317
"The prime minister has called for an emergency meeting with his cabinet.
",Politics,0.8949691653251648
"The track and field athlete set a new world record in the long jump.
",Sports,0.9955515265464783
"The importance of reducing deforestation in promoting sustainability cannot be overstated.
",Environment,0.8350484371185303
"The benefits of eating a low-salt diet are many, including reduced blood pressure and improved heart health.
",Health,0.8305886387825012
"The political climate is becoming increasingly hostile.
",Politics,0.9452873468399048
"The sports psychologist helps athletes overcome mental barriers.
",Sports,0.8808944821357727
"The international community is putting pressure on the government to take action.
",Environment,0.7437300086021423
"The benefits of a student-centered learning education are many, including improved engagement and motivation skills.
",Education,0.8286435008049011
"The importance of protecting wildlife corridors in maintaining biodiversity cannot be overemphasized.
",Environment,0.7149848341941833
"Smoking is the leading cause of preventable death worldwide.
",Health,0.7606953382492065
"The link between poor nutrition and bone health issues such as osteoporosis is well established.
",Health,0.7106286287307739
"The singer's acoustic album showcases their vocal talent and songwriting skills.
",Environment,0.7954878211021423
"The importance of staying hydrated cannot be overemphasized.
",Health,0.8730140924453735
"The benefits of traveling by rickshaw are many, including affordability and cultural experience.
",Travel,0.8450538516044617
"The company announced a breakthrough in quantum computing research.
",Technology,0.7980022430419922
"The football fanatics tailgated outside the stadium before the game.
",Sports,0.9657303690910339
"The impact of fashion on cultural exchange is a topic of ongoing concern.
",Fashion,0.9046092629432678
"The impact of pesticide drift on the environment is a topic of ongoing concern.
",Environment,0.8402231931686401
"The TV series finale brought closure to fans after years of anticipation.
",Entertainment,0.7934898734092712
"The importance of sustainable fashion standards in promoting sustainability cannot be overemphasized.
",Fashion,0.9593560695648193
"The surfer rode a massive wave at the world-famous surf spot.
",Sports,0.977898895740509
"The referee made a controversial call that sparked debate among fans.
",Sports,0.8487186431884766
"The drone delivery service promises fast and efficient shipping of packages.
",Technology,0.9691703915596008
"The benefits of using virtual fitting rooms in fashion are many, including reduced waste and improved convenience.
",Fashion,0.9579111933708191
"The importance of scientific integrity in promoting public trust and accountability cannot be overemphasized.
",Science,0.9308518767356873
"The benefits of using sustainable supply chains in fashion are many, including reduced environmental impact and improved sustainability.
",Fashion,0.9600414037704468
"The nanotechnology research has potential applications in medicine and electronics.
",Technology,0.7786108255386353
"The benefits of a problem-based learning education are many, including improved critical thinking and problem-solving skills.
",Education,0.7518290281295776
"The benefits of traveling by motorcycle are many, including adventure and freedom.
",Travel,0.8872771859169006
"The importance of media education in education cannot be overemphasized.
",Education,0.8179816603660583
"The impact of eutrophication on the environment is a topic of ongoing concern.
",Environment,0.8361122012138367
"The importance of scientific curiosity in driving innovation and discovery cannot be overemphasized.
",Science,0.9075889587402344
"The importance of scientific collaboration in promoting the advancement of knowledge cannot be overemphasized.
",Science,0.9068202972412109
"The impact of pesticides on the environment is a topic of ongoing concern.
",Environment,0.8476419448852539
"The importance of fair trade in fashion cannot be overemphasized.
",Fashion,0.9551235437393188
"The baseball slugger hit a home run that sailed over the outfield fence.
",Sports,0.9792914986610413
"The impact of food additives on liver function is a topic of ongoing debate.
",Health,0.7542235851287842
"The benefits of eating a vegetarian diet are many, including reduced environmental impact and improved health.
",Health,0.9410377144813538
"The baseball pitcher threw a perfect game, striking out every batter.
",Sports,0.9924436211585999
"The importance of body positivity in fashion cannot be overstated.
",Fashion,0.9218350052833557
"The impact of soil degradation on the environment is a topic of ongoing concern.
",Environment,0.84943026304245
"The Supreme Court has agreed to hear arguments in the landmark case.
",Environment,0.7721896767616272
"The benefits of eating a ketogenic diet are many, including weight loss and improved blood sugar control.
",Health,0.7839910984039307
"The impact of fashion on cultural diversity is a topic of ongoing concern.
",Fashion,0.8784682750701904
"The benefits of using rain gardens are many, including reduced stormwater runoff and improved water quality.
",Environment,0.76300048828125
"The benefits of yoga for physical and mental health are well established.
",Health,0.7156208157539368
"The importance of sustainable fashion activism in promoting sustainability cannot be overemphasized.
",Fashion,0.9755706787109375
"The benefits of a self-directed education are many, including improved self-discipline and responsibility skills.
",Education,0.8883661031723022
"The impact of fashion on cultural preservation is a topic of ongoing research.
",Fashion,0.8172070980072021
"The World Health Organization is urging countries to invest in vaccination programs.
",Health,0.9270274639129639
"The benefits of eating a low-glycemic diet are many, including improved blood sugar control and reduced inflammation.
",Health,0.7285965085029602
"The importance of reducing water consumption in promoting sustainability cannot be overstated.
",Environment,0.7889482975006104
"The impact of fashion on cultural diversity is a topic of ongoing concern.
",Fashion,0.8784682750701904
"The benefits of vertical farming are many, including improved water efficiency and reduced need for pesticides.
",Environment,0.701324462890625
"The wearable technology tracks sleep patterns and provides insights for better rest.
",Technology,0.9524650573730469
"The impact of educational attainment on civic engagement is a topic of ongoing research.
",Education,0.7719624042510986
"The celebrity couple's wedding was a star-studded affair.
",Entertainment,0.8236945271492004
"The best way to find the best local markets is to ask the locals or do your research ahead of time.
",Environment,0.7222791910171509
"The soccer midfielder delivered a precise pass to set up a scoring opportunity.
",Sports,0.9800970554351807
"The benefits of traveling by kayak are many, including exercise and connection with nature.
",Travel,0.8481046557426453
"The impact of microplastics on the environment is a topic of ongoing research.
",Environment,0.7623630166053772
"The mayor has been accused of engaging in nepotism.
",Politics,0.7494561672210693
"The Supreme Court has issued a landmark ruling on the issue.
",Environment,0.7156462669372559
"The sports camp offers activities for children of all skill levels.
",Sports,0.945168673992157
"The impact of the gig economy on travel is a topic of ongoing debate.
",Travel,0.9852746725082397
"The World Health Organization is urging countries to invest in maternal and child health services.
",Health,0.9221380949020386
"The benefits of a project-based learning education are many, including improved creativity and collaboration skills.
",Education,0.8318125009536743
"The benefits of using public transportation are many, including reduced greenhouse gas emissions and improved air quality.
",Environment,0.8539748787879944
"The benefits of a well-rounded education are many, including improved critical thinking and problem-solving skills.
",Education,0.8483453989028931
"The tech industry is constantly evolving with new innovations and discoveries.
",Technology,0.9769028425216675
"The prime minister has announced a new plan to improve the transportation system.
",Travel,0.8730723261833191
"The drone surveillance system monitors activity in restricted airspace.
",Technology,0.8339549899101257
"The importance of reducing energy consumption in promoting sustainability cannot be overstated.
",Environment,0.7369489073753357
"The link between poor sleep and chronic diseases such as obesity and diabetes is well established.
",Health,0.7989272475242615
"The impact of soil erosion on the environment is a topic of ongoing research.
",Environment,0.8254402875900269
"The political landscape is changing rapidly.
",Politics,0.9685078263282776
"The American Lung Association recommends quitting smoking to improve lung health.
",Health,0.7510819435119629
"The sports nutritionist develops customized meal plans for athletes.
",Sports,0.9068066477775574
"The importance of diversity and inclusivity in fashion cannot be overemphasized.
",Fashion,0.9699084162712097
"The importance of scientific discovery in advancing human knowledge and understanding cannot be overstated.
",Science,0.9520378708839417
"The benefits of using traditional techniques in fashion are many, including improved cultural preservation and reduced environmental impact.
",Fashion,0.8800567984580994
"The importance of reducing food waste in promoting sustainability cannot be overstated.
",Food,0.9264174103736877
"The benefits of using sustainable landscaping are many, including reduced water consumption and improved habitat.
",Environment,0.7473913431167603
"The soccer coach emphasized teamwork and communication on the field.
",Sports,0.9894283413887024
"The impact of processed food on health is a topic of ongoing debate.
",Food,0.7013436555862427
"The comedian's Netflix special was nominated for a Grammy Award.
",Entertainment,0.9419497847557068
"The World Health Organization is urging countries to invest in health systems strengthening.
",Health,0.9462738037109375
"The impact of the student loan debt crisis on the economy is a topic of concern.
",Education,0.7443501353263855
"The football quarterback threw a Hail Mary pass to win the game.
",Sports,0.993659496307373
"The comedian's stand-up special tackles social and political issues with humor.
",Politics,0.7942854762077332
"The impact of the aging population on healthcare costs is a topic of concern.
",Health,0.9305758476257324
"The tech entrepreneur pitched their startup idea to investors at a venture capital firm.
",Technology,0.9672738313674927
"The impact of urbanization on biodiversity is a topic of ongoing scientific research.
",Science,0.8911097645759583
"The impact of genetically modified organisms (GMOs) on the environment is a topic of ongoing scientific research.
",Science,0.8564903736114502
"The benefits of using modular design in fashion are many, including reduced waste and improved customization.
",Fashion,0.9528470039367676
"The World Health Organization is urging countries to invest in health emergency preparedness.
",Health,0.9363154172897339
"The cryptocurrency exchange allows users to buy and sell digital assets.
",Technology,0.8484452366828918
"The boxer delivered a knockout punch in the final round of the match.
",Sports,0.9623990058898926
"The tennis player served an ace to win the match.
",Sports,0.9820861220359802
"The theater production received standing ovations at every performance.
",Entertainment,0.9681364297866821
"The impact of educational inequality on society is a topic of concern.
",Education,0.9541958570480347
"The benefits of eating fish are many, including heart health and brain function.
",Health,0.8454132676124573
"The benefits of quantum computing are many, including improved efficiency and potential for new scientific discoveries.
",Technology,0.7126212120056152
"The impact of educational attainment on energy conservation is a topic of ongoing research.
",Education,0.7782993316650391
"The importance of character education in education cannot be overstated.
",Education,0.8126265406608582
"The sports stadium was filled to capacity for the championship match.
",Sports,0.9814852476119995
"The benefits of eating a gluten-free diet are well established for those with celiac disease.
",Health,0.7833884954452515
"The benefits of using innovative materials in fashion are many, including improved performance and reduced environmental impact.
",Fashion,0.9184154272079468
"The importance of sustainable fashion design in promoting sustainability cannot be overemphasized.
",Fashion,0.9687038660049438
"The benefits of a healthy lifestyle for reducing the risk of chronic diseases are well established.
",Health,0.8750537037849426
"The benefits of traveling by horse are many, including adventure and connection with nature.
",Travel,0.8890823721885681
"The impact of ocean currents on climate is a topic of ongoing scientific research.
",Science,0.9393905401229858
"The benefits of traveling by car are many, including convenience and flexibility.
",Travel,0.8705551028251648
"The Supreme Court has issued a ruling on the controversial issue.
",Environment,0.735248863697052
"The impact of educational policy on student outcomes is a topic of concern.
",Education,0.9627901911735535
"The benefits of using upcycled materials in fashion are many, including reduced waste and improved creativity.
",Fashion,0.9170992970466614
"The impact of educational attainment on income is a topic of concern.
",Education,0.9135631322860718
"The opposition party is calling for a general election.
",Politics,0.962272047996521
"The opposition party is calling for a national day of action.
",Politics,0.8317245841026306
"The benefits of eating a Mediterranean-style diet are many, including improved heart health and reduced inflammation.
",Health,0.7951658964157104
"The importance of ethical sourcing in fashion cannot be overemphasized.
",Fashion,0.9185512065887451
"The benefits of eating a low-sodium diet are well established.
",Health,0.8431310653686523
"The benefits of using rain barrels are many, including reduced water consumption and improved stormwater management.
",Environment,0.7809460163116455
"The talk show host interviewed political figures and celebrities alike.
",Politics,0.8188195824623108
"The benefits of space tourism are many, including potential for scientific research and promoting public interest in space exploration.
",Travel,0.8324914574623108
"The American Heart Association recommends a diet low in saturated fats to reduce the risk of heart disease.
",Health,0.7120277881622314
"The importance of interdisciplinary collaboration in scientific research cannot be overstated.
",Science,0.7978136539459229
"The tennis tournament attracted top-ranked players from around the world.
",Sports,0.8061249256134033
"The benefits of a project-based learning education are many, including improved creativity and collaboration skills.
",Education,0.8318125009536743
"The benefits of traveling by subway are many, including convenience and affordability.
",Travel,0.898593008518219
"The Centers for Disease Control and Prevention (CDC) is urging people to get vaccinated against the flu.
",Health,0.7762656211853027
"The benefits of using closed-loop systems in fashion are many, including reduced waste and improved sustainability.
",Fashion,0.9571415781974792
"The importance of sustainable fashion education in fashion cannot be overemphasized.
",Fashion,0.9293145537376404
"The benefits of traveling by hot air balloon are many, including scenic views and adventure.
",Travel,0.8206870555877686
"The mayor announced a new initiative to improve public transportation.
",Travel,0.7313746809959412
"The sports science lab conducts research to improve athletic performance.
",Sports,0.924242377281189
"The impact of fashion on climate change is a topic of ongoing research.
",Fashion,0.8288646340370178
"The importance of entrepreneurship education in education cannot be overemphasized.
",Education,0.91478031873703
"The sports journalist interviewed the coach about the team's strategy for the upcoming season.
",Sports,0.983181893825531
"The soccer tournament featured teams from different countries competing for the title.
",Sports,0.9882276058197021
"The importance of health education in education cannot be overemphasized.
",Health,0.9715747237205505
"The sports medicine physician specializes in treating sports-related injuries.
",Sports,0.9527977108955383
"The impact of the gig economy on travel planning is a topic of ongoing debate.
",Travel,0.969234049320221
"The importance of protecting coral reefs in maintaining marine biodiversity cannot be overemphasized.
",Environment,0.7395681142807007
"The pop star's stadium tour draws crowds of adoring fans from around the world.
",Entertainment,0.879956066608429
"The importance of scientific innovation in addressing global challenges cannot be overstated.
",Science,0.9055782556533813
"The benefits of eating a plant-based diet for athletes are many, including improved recovery and reduced inflammation.
",Sports,0.8349984288215637
"The American Lung Association recommends avoiding exposure to outdoor air pollution.
",Environment,0.735998272895813
"The importance of scientific rigor in ensuring the validity and reliability of research cannot be overemphasized.
",Science,0.9275420308113098
"The Congress is debating a new bill to reform the social security system.
",Politics,0.8799048662185669
"The impact of desertification on ecosystems is a topic of ongoing scientific research.
",Science,0.9292062520980835
"The benefits of wind power are many, including reduced greenhouse gas emissions and improved energy security.
",Environment,0.7624675631523132
"The coach implemented a new strategy that led to a series of victories.
",Sports,0.8962699770927429
"The benefits of using green infrastructure are many, including reduced urban heat island effect and improved air quality.
",Environment,0.7778480052947998
"The benefits of eating a low-sugar diet are well established.
",Health,0.8248763680458069
"The importance of environmental protection cannot be overstated.
",Environment,0.9281796216964722
"The sports equipment store offers a wide range of gear for athletes.
",Sports,0.9443724155426025
"The importance of diversity in education cannot be overstated.
",Education,0.958105206489563
"The impact of food deserts on food security is a topic of concern.
",Food,0.8921107053756714
"The impact of the sharing economy on travel is a topic of ongoing debate.
",Travel,0.9806955456733704
"The link between sedentary behavior and chronic diseases such as obesity and diabetes is well established.
",Health,0.7520110607147217
"The space exploration mission uncovered evidence of water on Mars.
",Science,0.9235075116157532
"The impact of food labeling on consumer behavior is a topic of ongoing debate.
",Food,0.8839825987815857
"The prime minister has announced a new economic stimulus package.
",Politics,0.845633327960968
"The two parties are at odds over the proposed tax plan.
",Politics,0.844133734703064
"The best way to find the best local restaurants is to ask the locals.
",Food,0.8170871138572693
"The importance of citizen science in promoting public engagement and data collection cannot be overstated.
",Science,0.8126908540725708
"The benefits of eating nuts and seeds are many, including heart health and weight management.
",Health,0.8525248169898987
"The impact of the aging population on accessible travel is a topic of concern.
",Travel,0.9053612947463989
"The sports league introduced new rules to ensure fair competition.
",Sports,0.981559693813324
"The quantum physicist conducted experiments to study the behavior of subatomic particles.
",Science,0.9096155762672424
"The importance of renewable energy in reducing greenhouse gas emissions cannot be overemphasized.
",Environment,0.7134976983070374
"The impact of educational attainment on social cohesion is a topic of concern.
",Education,0.8997231125831604
"Artificial intelligence is revolutionizing various industries.
",Technology,0.7333542704582214
"The link between physical inactivity and chronic diseases such as obesity and diabetes is well established.
",Health,0.7376126050949097
"The importance of reducing e-waste in promoting sustainability cannot be overstated.
",Environment,0.7454119920730591
"The importance of cultural competence education in education cannot be overemphasized.
",Education,0.8054087162017822
"The impact of educational attainment on mental health is a topic of concern.
",Education,0.8349997997283936
"The benefits of eating a low-oxalate diet are many, including reduced risk of kidney stones and improved gut health.
",Health,0.7978809475898743
"The tech accelerator program provides resources and support to help startups succeed.
",Technology,0.8990568518638611
"The link between stress and chronic diseases such as heart disease and depression is well established.
",Health,0.7474028468132019
"The governor has announced a plan to address the healthcare crisis.
",Health,0.9761332869529724
"The benefits of using permeable pavement are many, including reduced stormwater runoff and improved water quality.
",Environment,0.7616398334503174
"The World Health Organization is urging countries to invest in universal health coverage.
",Health,0.9430206418037415
"The tech conference attracts industry leaders and innovators from around the world.
",Technology,0.9473767876625061
"The Supreme Court has issued a ruling on the controversial issue.
",Environment,0.735248863697052
"The benefits of eating a Mediterranean diet are well established.
",Health,0.8467754125595093
"The soccer referee enforced the rules with fairness and impartiality.
",Sports,0.9859728217124939
"The importance of science education in promoting critical thinking and problem-solving skills cannot be overemphasized.
",Science,0.9522671103477478
"The snowboarder executed a daring trick in the halfpipe.
",Sports,0.9768069982528687
"The importance of protecting pollinators in maintaining ecosystem health cannot be overemphasized.
",Health,0.7079713940620422
"The benefits of renewable energy are many, including reduced greenhouse gas emissions and improved sustainability.
",Environment,0.7102915644645691
"The impact of the aging population on travel is a topic of concern.
",Travel,0.9516919255256653
"The opposition party has put forward a new candidate for the upcoming election.
",Politics,0.9659767746925354
"The impact of school funding on educational outcomes is a topic of concern.
",Education,0.9690698385238647
"The musical soundtrack became a bestseller, topping the charts for weeks.
",Entertainment,0.8530243039131165
"The impact of fashion on cultural identity is a topic of ongoing research.
",Fashion,0.8405901193618774
"The benefits of a healthy diet for skin health are becoming increasingly clear.
",Health,0.705419659614563
"The TSA has announced new security measures for air travel.
",Travel,0.8918662667274475
"The importance of science communication in promoting public engagement and understanding cannot be overstated.
",Science,0.922709047794342
"The impact of fashion on animal welfare is a topic of ongoing concern.
",Fashion,0.7481149435043335
"The comedian's stand-up special had the audience laughing non-stop.
",Entertainment,0.9791166186332703
"The impact of noise pollution on the environment is a topic of ongoing scientific research.
",Science,0.928198516368866
"The impact of soil degradation on agricultural productivity is a topic of ongoing scientific research.
",Science,0.9133653044700623
"The impact of deforestation on climate change is a topic of ongoing scientific research.
",Science,0.9184772968292236
"The impact of fashion on cultural appropriation is a topic of ongoing research.
",Fashion,0.7518428564071655
"The importance of health education in education cannot be overemphasized.
",Health,0.9715747237205505
"The benefits of investing in master limited partnerships (MLPs) for income are well established.
",Finance,0.7287853956222534
"The benefits of eating fermented foods are many, including gut health and immunity.
",Health,0.7630038261413574
"The tech company unveiled a prototype for a flying car.
",Technology,0.9817386269569397
"The benefits of eating a paleo diet are many, including reduced inflammation and improved blood sugar control.
",Health,0.8312351703643799
"The importance of sustainable fashion policies in promoting sustainability cannot be overstated.
",Fashion,0.970838725566864
"The impact of educational attainment on family stability is a topic of ongoing research.
",Education,0.7949351668357849
"The sports fanatics painted their bodies with team colors and slogans.
",Sports,0.9563940167427063
"The impact of food additives on gut health is a topic of ongoing debate.
",Health,0.7488057613372803
"The importance of food sustainability cannot be overstated.
",Food,0.9701709151268005
"The sports memorabilia shop sells autographed jerseys and collectibles.
",Sports,0.9192073345184326
"The prime minister has announced a new plan to improve the healthcare system.
",Health,0.9657796621322632
"The importance of sustainable fashion leadership in promoting sustainability cannot be overstated.
",Fashion,0.9795951843261719
"The indie band released a critically acclaimed album to widespread acclaim.
",Environment,0.8610431551933289
"The importance of scientific skepticism in promoting critical thinking and avoiding misinformation cannot be overemphasized.
",Science,0.8226142525672913
"The importance of reducing chemical pollution in promoting sustainability cannot be overstated.
",Environment,0.7701209783554077
"The motorsports enthusiast restored a classic car to its former glory.
",Sports,0.8159923553466797
"The drone pilot navigates the aircraft through challenging terrain to capture aerial footage.
",Technology,0.8550970554351807
"The importance of food security cannot be overemphasized.
",Food,0.957387387752533
"The impact of the student loan debt crisis on travel is a topic of concern.
",Travel,0.9333075881004333
"The benefits of using sustainable packaging in fashion are many, including reduced waste and improved sustainability.
",Fashion,0.9429409503936768
"The impact of fashion on biodiversity is a topic of ongoing concern.
",Fashion,0.9061763882637024
"The benefits of using greywater systems are many, including reduced water consumption and improved sustainability.
",Environment,0.7758703827857971
"The importance of media literacy in education cannot be overemphasized.
",Education,0.7625791430473328
"The benefits of personalized medicine are many, including improved treatment outcomes and reduced side effects.
",Health,0.76678866147995
"The benefits of traveling by boat are many, including relaxation and adventure.
",Travel,0.8580338954925537
"The snowboarder performed a gravity-defying jump off the halfpipe.
",Sports,0.9689094424247742
"The benefits of traveling by RV are many, including flexibility and cost savings.
",Travel,0.8307575583457947
"The golf tournament was won by a rookie player in a stunning upset.
",Sports,0.9878110885620117
"Traveling can be a great way to experience new cultures and broaden your horizons.
",Travel,0.9769408702850342
"The importance of education cannot be overstated.
",Education,0.977874755859375
"The blockchain technology ensures the security and transparency of digital transactions.
",Technology,0.9630900025367737
"The computer scientist published a paper on machine learning algorithms.
",Science,0.8239890336990356
"The impact of food deserts on social justice is a topic of concern.
",Food,0.9291796088218689
"The computer network is protected by state-of-the-art cybersecurity measures.
",Technology,0.8332781791687012
"The sharing economy is disrupting traditional industries such as hospitality and transportation.
",Travel,0.7871189713478088
"The space telescope captured images of distant galaxies billions of light-years away.
",Science,0.8718219995498657
"The track athlete trained diligently to improve speed and endurance.
",Sports,0.9954065680503845
"The impact of fashion on cultural exchange is a topic of ongoing concern.
",Fashion,0.9046092629432678
"The benefits of using rental and resale platforms in fashion are many, including reduced waste and improved affordability.
",Fashion,0.9299156665802002
"The gymnast executed a flawless routine to clinch the gold medal.
",Sports,0.978295087814331
"The impact of fracking on the environment is a topic of ongoing concern.
",Environment,0.9130176901817322
"The impact of educational attainment on quality of life is a topic of ongoing research.
",Education,0.8668355941772461
"The internet of things connects everyday objects to the internet for increased functionality.
",Technology,0.8479000926017761
"The benefits of a liberal arts education are many, including improved communication and creativity skills.
",Education,0.8535779118537903
"The software update fixed bugs and added new features to the application.
",Environment,0.7632071375846863
"The benefits of eating a high-fat diet are many, including improved satiety and reduced inflammation.
",Health,0.754092276096344
"The benefits of using sustainable transportation in fashion are many, including reduced carbon footprint and improved sustainability.
",Fashion,0.9303390383720398
"The benefits of eating a high-fiber diet are many, including digestive health and weight management.
",Health,0.7981178760528564
"The benefits of eating lean protein are many, including muscle building and weight management.
",Health,0.7067797183990479
"The benefits of regular exercise for mental health are well established.
",Health,0.7787728905677795
"The benefits of using sustainable materials in fashion are many, including reduced resource depletion and improved sustainability.
",Fashion,0.9236952066421509
"The importance of scientific ethics in ensuring the responsible conduct of research cannot be overemphasized.
",Science,0.9046498537063599
"The importance of protecting coastal ecosystems in maintaining biodiversity cannot be overemphasized.
",Environment,0.7563990354537964
"The importance of reducing food miles in promoting sustainability cannot be overstated.
",Food,0.8610493540763855
"The hockey player scored a hat trick in the first period.
",Sports,0.985660970211029
"The singer's music video featured elaborate choreography and stunning visuals.
",Entertainment,0.7303961515426636
"The president has announced a new plan to address climate change.
",Environment,0.7433215379714966
"The two parties are at odds over the proposed budget cuts.
",Politics,0.755635678768158
"The World Health Organization is urging countries to invest in primary healthcare services.
",Health,0.926141083240509
"The impact of light pollution on the environment is a topic of ongoing research.
",Environment,0.7785529494285583
"The cycling race traversed challenging terrain through picturesque landscapes.
",Sports,0.9461648464202881
"The nanotechnology research has potential applications in electronics and materials science.
",Technology,0.7919713854789734
"The importance of artisanal craftsmanship in fashion cannot be overemphasized.
",Fashion,0.9522978663444519
"The benefits of using biodegradable materials in fashion are many, including reduced waste and improved sustainability.
",Fashion,0.9066108465194702
"The importance of scientific literacy in promoting informed decision-making and civic engagement cannot be overemphasized.
",Science,0.8906592726707458
"The gaming console boasts cutting-edge graphics and immersive gameplay.
",Technology,0.8911558985710144
"The importance of scientific research in informing policy and practice cannot be overstated.
",Science,0.9045567512512207
"The governor has announced a plan to address the environmental crisis.
",Environment,0.9492048621177673
"The benefits of budgeting for personal finance are well established.
",Finance,0.7952795028686523
"The benefits of traveling by hot air balloon are many, including scenic views and adventure.
",Travel,0.8206870555877686
"The drone captured stunning aerial footage of the landscape.
",Technology,0.9490634202957153
"The importance of reducing light pollution in promoting sustainability cannot be overstated.
",Environment,0.8099007606506348
"The benefits of a project-based education are many, including improved creativity and collaboration skills.
",Education,0.8550289273262024
"The celebrity chef hosted a cooking show showcasing their signature dishes.
",Food,0.82466721534729
"The robotics competition showcased the creativity and ingenuity of young engineers.
",Technology,0.8098093271255493
"The benefits of supporting local fashion designers are many, including improved local economies and reduced carbon footprint.
",Fashion,0.9512796998023987
"The impact of ocean currents on the environment is a topic of ongoing concern.
",Environment,0.8846710324287415
"The benefits of eating a pescatarian diet are many, including improved heart health and reduced environmental impact.
",Health,0.8394004702568054
"The benefits of a positive attitude for mental health are well documented.
",Health,0.7997961640357971
"The impact of globalization on finance is transforming the industry.
",Finance,0.965688169002533
"The celebrity couple's wedding was a lavish affair attended by Hollywood's elite.
",Entertainment,0.8219571709632874
"The track and field coach trains athletes for events ranging from sprints to javelin throw.
",Sports,0.9934607148170471
"The music festival featured performances by top artists from around the world.
",Entertainment,0.7436895370483398
"The importance of food access cannot be overstated.
",Food,0.9607988595962524
"The sports blog provides in-depth coverage of the latest events.
",Sports,0.9630671739578247
"The sports marketing agency promotes brands through sponsorship deals with athletes.
",Sports,0.9360477328300476
"The movie received rave reviews from critics and audiences alike.
",Entertainment,0.7046194076538086
"The benefits of traveling by car are many, including convenience and flexibility.
",Travel,0.8705551028251648
"The impact of artificial intelligence on finance is transforming the industry.
",Finance,0.9657902717590332
"The impact of invasive species on ecosystems is a topic of ongoing scientific research.
",Science,0.8728240132331848
"The swim coach provided feedback to help improve technique.
",Sports,0.905789315700531
"The impact of habitat fragmentation on the environment is a topic of ongoing concern.
",Environment,0.8960489630699158
"The impact of educational attainment on human rights is a topic of concern.
",Education,0.9359591007232666
"The two parties are at odds over the proposed infrastructure plan.
",Politics,0.7002536058425903
"The sports analyst predicted the outcome of the game with accuracy.
",Sports,0.9767991900444031
"The archery competition required precision and focus to hit the target.
",Sports,0.9325729608535767
"The importance of protecting grasslands in maintaining ecosystem health cannot be overemphasized.
",Health,0.7861572504043579
"The Congress is debating a new bill to reform the education system.
",Education,0.983404278755188
"The benefits of traveling by cruise ship are many, including relaxation and convenience.
",Travel,0.8831267356872559
"The impact of food additives on health is a topic of ongoing debate.
",Health,0.7458581328392029
"The impact of climate change on the environment is a topic of ongoing concern.
",Environment,0.875282347202301
"The benefits of a plant-based diet for heart health are well documented.
",Health,0.8075685501098633
"The benefits of a student-centered education are many, including improved engagement and motivation skills.
",Education,0.8621059060096741
"The impact of deforestation on the environment is a topic of ongoing research.
",Environment,0.780153751373291
"The impact of food deserts on economic development is a topic of concern.
",Food,0.9290372729301453
"The president is expected to sign the new legislation into law.
",Politics,0.7495518922805786
"The sports festival featured a variety of competitions for all ages.
",Sports,0.9591618776321411
"The impact of fashion on cultural appropriation is a topic of ongoing concern.
",Fashion,0.7876463532447815
"The impact of educational attainment on social inequality is a topic of concern.
",Education,0.8950229287147522
"The impact of educational attainment on technological innovation is a topic of ongoing research.
",Technology,0.7584909200668335
"The impact of urbanization on the environment is a topic of ongoing research.
",Environment,0.8331348299980164
"The impact of e-waste on the environment is a topic of ongoing scientific research.
",Science,0.8662249445915222
"The benefits of using nuclear power are many, including reduced greenhouse gas emissions and improved sustainability.
",Environment,0.7429826855659485
"The political landscape is becoming increasingly volatile.
",Politics,0.9734938144683838
"Science is a systematic and logical approach to discovering how things in the natural world work.
",Science,0.947023332118988
"The benefits of a blended learning education are many, including improved flexibility and personalization skills.
",Education,0.7941862940788269
"The political landscape has shifted significantly in recent years.
",Politics,0.9760063886642456
"The impact of fashion on cultural identity is a topic of ongoing concern.
",Fashion,0.8877812027931213
"The 3D printing technology revolutionizes manufacturing with its ability to create complex objects.
",Technology,0.9456510543823242
"The importance of sustainable fashion collaborations in promoting sustainability cannot be overemphasized.
",Fashion,0.9481272101402283
"The impact of wildfires on the environment is a topic of ongoing concern.
",Environment,0.91745525598526
"The governor has vetoed the controversial legislation.
",Politics,0.9069153070449829
"The benefits of eating a dairy-free diet are many, including reduced inflammation and improved digestion.
",Health,0.7754148840904236
"The impact of fashion on cultural appropriation is a topic of ongoing research.
",Fashion,0.7518428564071655
"The sports academy recruits talented athletes from across the country.
",Sports,0.9734227657318115
"The government has been accused of failing to protect the environment.
",Environment,0.9692094326019287
"The benefits of traveling by train are many, including comfort and scenic views.
",Travel,0.8473023176193237
"The impact of food production on the environment is a topic of ongoing debate.
",Food,0.9186151027679443
"The benefits of using ethical manufacturing practices in fashion are many, including improved labor conditions and reduced environmental impact.
",Fashion,0.9453566670417786
"The benefits of breastfeeding for both mother and baby are numerous.
",Health,0.8319326043128967
"The benefits of green building are many, including reduced energy consumption and improved indoor air quality.
",Environment,0.8036882281303406
"The sports medicine clinic specializes in treating athletic injuries.
",Sports,0.9550541639328003
"The marathon runner broke the world record with an incredible time.
",Sports,0.9820849299430847
"The sportsmanship displayed by the players was commendable.
",Sports,0.9752570986747742
"The importance of scientific communication in promoting public understanding and engagement cannot be overemphasized.
",Science,0.8837779760360718
"The benefits of composting are many, including reduced landfill waste and improved soil quality.
",Environment,0.8007027506828308
"The benefits of eating a high-fiber, low-fat diet are many, including improved heart health and weight management.
",Health,0.8194566369056702
"The impact of fashion on cultural identity is a topic of ongoing research.
",Fashion,0.8405901193618774
"The benefits of drinking water for overall health are many.
",Health,0.8819047212600708
"The sports bar was packed with supporters cheering for their favorite team.
",Sports,0.9802563786506653
"The impact of overtourism on popular destinations is a growing concern.
",Travel,0.7513061165809631
"The opposition party is calling for a constitutional amendment.
",Politics,0.8440338373184204
"The impact of educational attainment on climate change is a topic of ongoing research.
",Education,0.7859039306640625
"The upcoming election has sparked intense debates among the candidates.
",Politics,0.9157240390777588
"The link between poor sleep and mental health issues such as anxiety is well established.
",Health,0.7215065360069275
"The swimming pool is equipped with state-of-the-art facilities for training.
",Sports,0.9193652272224426
"The benefits of eating a plant-based diet are well established.
",Health,0.8061550855636597
"The importance of reducing carbon emissions in promoting sustainability cannot be overstated.
",Environment,0.7340810298919678
"The benefits of using AI in fashion are many, including improved efficiency and personalization.
",Fashion,0.9545276165008545
"The tech conference features keynote speakers and panel discussions on emerging trends.
",Technology,0.8872966170310974
"The benefits of using sustainable business models in fashion are many, including improved sustainability and profitability.
",Fashion,0.977250874042511
"The impact of fashion on cultural appropriation is a topic of ongoing debate.
",Fashion,0.7650226950645447
"The benefits of eating a low-carb diet are many, including weight management and blood sugar control.
",Health,0.7654848694801331
"The benefits of using native plants are many, including improved habitat and reduced water consumption.
",Environment,0.7585840821266174
"The importance of sustainable fashion education in promoting sustainability cannot be overstated.
",Fashion,0.9440698027610779
"The impact of water pollution on aquatic ecosystems is a topic of ongoing scientific research.
",Science,0.8833998441696167
"The importance of sustainable fashion events in promoting sustainability cannot be overemphasized.
",Fashion,0.9765616059303284
"The sports bar screened multiple games simultaneously on giant TV screens.
",Sports,0.9407926797866821
"The political climate is becoming increasingly divisive.
",Politics,0.9630736112594604
"The impact of the gig economy on travel booking is a topic of ongoing debate.
",Travel,0.9781904220581055
"The impact of food portion sizes on obesity is a topic of concern.
",Food,0.8498181700706482
"The importance of science education in promoting innovation and economic growth cannot be overstated.
",Science,0.9399715662002563
"The team scored a last-minute goal to win the championship.
",Sports,0.959723949432373
"The importance of science communication in promoting public trust and understanding cannot be overstated.
",Science,0.9252511858940125
"The benefits of a personalized education are many, including improved engagement and motivation skills.
",Education,0.903310239315033
"The space agency launched a satellite into orbit to study climate patterns.
",Science,0.7515211701393127
"The benefits of a personalized learning education are many, including improved engagement and motivation skills.
",Education,0.842157781124115
"The benefits of investing in peer-to-peer lending for income are well established.
",Finance,0.7129075527191162
"The benefits of energy storage are many, including improved reliability and integration of renewable energy sources.
",Environment,0.8023457527160645
"The fashion designer unveiled their latest collection at New York Fashion Week.
",Fashion,0.969441294670105
"The two parties are struggling to find a compromise.
",Politics,0.8669450283050537
"The two parties are struggling to find a way forward.
",Politics,0.9018393158912659
"The quantum physicist conducts experiments to test the principles of quantum mechanics.
",Science,0.7809027433395386
"The celebrity couple's engagement was announced on social media, delighting fans.
",Entertainment,0.8809677958488464
"The impact of educational attainment on biodiversity is a topic of concern.
",Education,0.8871524333953857
"The impact of food advertising on consumer behavior is a topic of concern.
",Food,0.963270366191864
"The benefits of a healthy lifestyle for reducing the risk of cancer are well established.
",Health,0.8040392398834229
"The impact of food deserts on access to healthy food is a topic of concern.
",Food,0.8550364971160889
"The benefits of traveling by horse are many, including adventure and connection with nature.
",Travel,0.8890823721885681
"The impact of food additives on gut microbiome is a topic of ongoing debate.
",Health,0.7285574674606323
"The sports retailer offers discounts on athletic apparel and equipment.
",Sports,0.9661802649497986
"The Congress is debating a new bill to reform the immigration system.
",Politics,0.882253885269165
"The importance of financial literacy cannot be overstated.
",Finance,0.8062119483947754
"The two parties are engaged in a bitter feud.
",Politics,0.8156301975250244
"The importance of ethical fashion in promoting social responsibility cannot be overemphasized.
",Fashion,0.9447250366210938
"The sports broadcaster interviewed the winning team after the game.
",Sports,0.99167799949646
"The importance of food accessibility cannot be overemphasized.
",Food,0.9392043948173523
"The importance of sustainable fashion initiatives in promoting sustainability cannot be overstated.
",Fashion,0.9684064984321594
"The benefits of tree planting are many, including improved air quality and reduced soil erosion.
",Environment,0.7410523891448975
"The opioid crisis is a major public health issue in the United States.
",Health,0.8456423282623291
"The importance of sustainable fashion innovation in promoting sustainability cannot be overemphasized.
",Fashion,0.9713597297668457
"The American Academy of Pediatrics recommends regular check-ups for children to monitor their growth and development.
",Health,0.7093917727470398
"The importance of sustainable packaging in fashion cannot be overstated.
",Fashion,0.9271480441093445
"The impact of educational attainment on air quality is a topic of concern.
",Education,0.7765336632728577
"The Supreme Court has issued a ruling on the controversial issue.
",Environment,0.735248863697052
"The importance of global competence education in education cannot be overstated.
",Education,0.9154962301254272
"The TV drama kept viewers on the edge of their seats with its twists and turns.
",Entertainment,0.8538235425949097
"The singer-songwriter performed an acoustic set at a small venue.
",Entertainment,0.7505251169204712
"The impact of food allergies on quality of life is a topic of concern.
",Food,0.9548693299293518
"The best way to find cheap flights is to use a flight comparison website.
",Environment,0.7780858874320984
"The importance of media education in education cannot be overemphasized.
",Education,0.8179816603660583
"The impact of the aging population on adventure travel is a topic of concern.
",Travel,0.8909439444541931
"The hockey goalie made a spectacular save to keep the game tied.
",Sports,0.9849534034729004
"Regular exercise and a balanced diet are key to maintaining good health.
",Health,0.8992117643356323
"The sports photographer captured stunning images of the action.
",Sports,0.9702370166778564
"The benefits of investing in renewable energy are becoming increasingly clear.
",Environment,0.7944884300231934
"The impact of educational attainment on economic growth is a topic of concern.
",Education,0.9333174824714661
"The mobile app revolutionized the way people communicate and share information.
",Technology,0.9681474566459656
"The impact of fashion on cultural identity is a topic of ongoing research.
",Fashion,0.8405901193618774
"The importance of sustainable agriculture in feeding a growing population cannot be overstated.
",Food,0.8182590007781982
"The impact of food deserts on mental health is a topic of concern.
",Food,0.8218923807144165
"The Supreme Court has issued a ruling on the controversial issue.
",Environment,0.735248863697052
"The cricket match drew a large crowd of passionate fans.
",Sports,0.9903271794319153
"The impact of acid rain on the environment is a topic of ongoing concern.
",Environment,0.910667896270752
"The importance of sustainable fashion advocacy in fashion cannot be overemphasized.
",Fashion,0.9488412141799927
"The gaming industry generates billions in revenue from consoles, games, and accessories.
",Entertainment,0.7265183925628662
"The importance of protecting peatlands in maintaining carbon sequestration cannot be overemphasized.
",Environment,0.7694724798202515
"The importance of social-emotional learning in education cannot be overstated.
",Education,0.898965060710907
"The benefits of a cooperative learning education are many, including improved teamwork and social skills.
",Education,0.8982318639755249
"The importance of scientific literacy in promoting informed decision-making cannot be overemphasized.
",Science,0.8714712858200073
"The political landscape is becoming increasingly complex.
",Politics,0.9670799970626831
"The benefits of space exploration are many, including improved understanding of the universe and development of new technologies.
",Technology,0.8409799337387085
"The importance of science policy in promoting evidence-based decision-making cannot be overstated.
",Science,0.9393728375434875
"The importance of sustainable fashion regulations in promoting sustainability cannot be overstated.
",Fashion,0.9672710299491882
"The benefits of traveling solo are many, including independence and self-discovery.
",Travel,0.9416832327842712
"The importance of digital citizenship education in education cannot be overemphasized.
",Education,0.887768566608429
"The sports bar hosted a viewing party for the big game.
",Sports,0.9833986759185791
"The benefits of a healthy lifestyle for longevity are well documented.
",Health,0.9088813066482544
"The benefits of a healthy diet for reducing inflammation are becoming increasingly clear.
",Health,0.7813104391098022
"The benefits of eating breakfast are many, including improved cognitive function and weight management.
",Health,0.8235792517662048
"The celebrity couple's breakup made headlines in tabloid magazines.
",Entertainment,0.7335538268089294
"The basketball tournament attracted teams from all over the state.
",Sports,0.9905644655227661
"The importance of lifelong learning cannot be overstated.
",Education,0.7382131218910217
"The importance of scientific transparency in promoting public trust and accountability cannot be overemphasized.
",Science,0.9156256914138794
"The benefits of sustainable fashion are many, including reduced environmental impact and improved labor practices.
",Fashion,0.9595335721969604
"The tech startup raised millions in funding to develop its innovative product.
",Technology,0.9756932854652405
"The importance of digital literacy in education cannot be overstated.
",Education,0.8930517435073853
"The importance of early childhood education cannot be overemphasized.
",Education,0.9012084007263184
"The link between poor nutrition and immune function is well established.
",Health,0.8263682126998901
"The benefits of using electric cars are many, including reduced greenhouse gas emissions and improved air quality.
",Environment,0.8202022314071655
"The World Health Organization is urging countries to invest in noncommunicable disease control programs.
",Health,0.857867419719696
"The impact of food culture on health is a topic of ongoing debate.
",Food,0.8591170310974121
"The sports documentary chronicles the journey of an underdog team.
",Sports,0.9640502333641052
"The TV series finale left fans shocked and emotional.
",Entertainment,0.7489882111549377
"The impact of habitat fragmentation on biodiversity is a topic of ongoing scientific research.
",Science,0.9039340019226074
"The motorsports event attracted thrill-seekers from around the country.
",Sports,0.9672091603279114
"The importance of open access in promoting the dissemination and use of scientific research cannot be overstated.
",Science,0.8784457445144653
"The benefits of using low-impact development are many, including reduced stormwater runoff and improved water quality.
",Environment,0.7311257123947144
"The music video went viral, accumulating millions of views on social media.
",Entertainment,0.7972107529640198
"The mayor has been accused of accepting bribes.
",Politics,0.807412326335907
"The best way to experience a new culture is to try the local food.
",Food,0.921454668045044
"The importance of transparency in fashion supply chains cannot be overstated.
",Fashion,0.9467713236808777
"The biometric authentication system uses fingerprints to verify identity.
",Technology,0.8918020129203796
"The impact of fashion on cultural heritage is a topic of ongoing research.
",Fashion,0.7851505875587463
"The importance of responsible marketing in fashion cannot be overstated.
",Fashion,0.9453648924827576
"The impact of food additives on the immune system is a topic of ongoing debate.
",Health,0.7521061897277832
"The sports commentator provided play-by-play coverage of the match.
",Sports,0.9795162081718445
"The importance of reducing noise pollution in promoting sustainability cannot be overstated.
",Environment,0.7486209273338318
"The impact of the COVID-19 pandemic on business travel is a topic of concern.
",Travel,0.9424370527267456
"The political climate is becoming increasingly polarized.
",Politics,0.9653026461601257
"The benefits of a personalized learning education are many, including improved engagement and motivation skills.
",Education,0.842157781124115
"The impact of the student loan debt crisis on budget travel is a topic of concern.
",Travel,0.7114584445953369
"The benefits of regular exercise for cardiovascular health are well documented.
",Health,0.7937090396881104
"The importance of scientific integrity in ensuring the credibility and reliability of research cannot be overemphasized.
",Science,0.9125773906707764
"The benefits of using energy-efficient appliances are many, including reduced energy consumption and improved sustainability.
",Environment,0.7621273398399353
"The benefits of eating a high-protein diet are many, including muscle building and satiety.
",Health,0.7460942268371582
"The sports venue underwent renovations to enhance the spectator experience.
",Sports,0.9792919158935547
"The theater production features elaborate costumes and set design.
",Entertainment,0.8191720247268677
"The basketball shooting guard sank a three-pointer at the buzzer to win the game.
",Sports,0.9847157001495361
"The importance of ethics education in education cannot be overstated.
",Education,0.8327152132987976
"The sports network broadcasted the championship game live to millions of viewers.
",Sports,0.9840935468673706
"The marathoner crossed the finish line with a burst of speed.
",Sports,0.9619153141975403
"The link between obesity and chronic diseases such as diabetes and heart disease is well established.
",Health,0.7746319770812988
"The pop star's concert tour sold out stadiums across the globe.
",Entertainment,0.9551263451576233
"The World Health Organization has issued new guidelines on COVID-19.
",Health,0.8632379174232483
"The reality TV show captivated viewers with its drama and intrigue.
",Entertainment,0.851802408695221
"The importance of reducing plastic pollution in promoting sustainability cannot be overstated.
",Environment,0.7745277285575867
"The impact of food deserts on food culture is a topic of concern.
",Food,0.8055024743080139
"The basketball coach motivates players with inspirational speeches before games.
",Sports,0.9857750535011292
"The benefits of using geothermal energy are many, including reduced greenhouse gas emissions and improved sustainability.
",Environment,0.7771378755569458
"The impact of educational attainment on peace and security is a topic of ongoing research.
",Education,0.834270715713501
"The importance of parental involvement in education cannot be overemphasized.
",Education,0.9095897674560547
"The soccer fanatics painted their faces in the team's colors.
",Sports,0.9829767942428589
"The swimmer set a new personal best in the 100-meter freestyle.
",Sports,0.9695678949356079
"The impact of invasive species on the environment is a topic of ongoing research.
",Environment,0.7948073744773865
"The TV network announced a reboot of a beloved sitcom from the 90s.
",Entertainment,0.8621577024459839
"The sports academy offers training programs for aspiring athletes.
",Sports,0.9463382363319397
"The importance of fashion education in promoting sustainability cannot be overstated.
",Fashion,0.9309835433959961
"The tourism industry has been severely impacted by the COVID-19 pandemic.
",Travel,0.988462507724762
"The importance of sustainable fashion certifications in fashion cannot be overstated.
",Fashion,0.9417914748191833
"The link between alcohol consumption and liver disease is well established.
",Health,0.7562255859375
"The benefits of recycling are many, including reduced landfill waste and conserved resources.
",Environment,0.8269407153129578
"The impact of fashion on cultural exchange is a topic of ongoing research.
",Fashion,0.8566320538520813
"The impact of wildfires on ecosystems is a topic of ongoing scientific research.
",Science,0.9551073908805847
"The sports network broadcasted the match to millions of viewers worldwide.
",Sports,0.9760456681251526
"Fashion is a form of self-expression and creativity.
",Fashion,0.9857975840568542
"The benefits of a healthy weight for overall health are well established.
",Health,0.8619225025177002
"The benefits of regular exercise for reducing the risk of diabetes are well documented.
",Health,0.7806214690208435
"The impact of educational attainment on social mobility is a topic of ongoing research.
",Education,0.8412348628044128
"The importance of food transparency cannot be overstated.
",Food,0.9596050977706909
"The link between stress and mental health issues such as anxiety is well established.
",Health,0.7211971282958984
"The benefits of a problem-based learning education are many, including improved critical thinking and problem-solving skills.
",Education,0.7518290281295776
"The best way to find affordable accommodations is to use a vacation rental website.
",Environment,0.7225551605224609
"The importance of science outreach in promoting diversity and inclusion in STEM cannot be overstated.
",Science,0.9225876331329346
"The American Heart Association recommends regular physical activity to reduce the risk of heart disease.
",Health,0.7144728899002075
"The soccer match ended in a draw after a thrilling 90 minutes.
",Sports,0.9949900507926941
"The impact of overfishing on marine ecosystems is a topic of ongoing scientific research.
",Science,0.8777267336845398
"The impact of fashion on cultural homogenization is a topic of ongoing concern.
",Fashion,0.8950026035308838
"The Broadway show won multiple Tony Awards.
",Entertainment,0.868452250957489
"The benefits of regular exercise for immune function are well documented.
",Health,0.8558527231216431
"The triathlete completed the grueling race despite challenging conditions.
",Sports,0.9548032879829407
"The importance of cooking at home cannot be overstated.
",Food,0.7439173460006714
"The impact of sea level rise on coastal communities is a topic of ongoing scientific research.
",Science,0.892060399055481
"The indie film premiered at a prestigious film festival to critical acclaim.
",Environment,0.7274896502494812
"The impact of fashion on mental health is a topic of ongoing concern.
",Fashion,0.8645586967468262
"The impact of standardized testing on education is a topic of concern.
",Education,0.9501829743385315
"The impact of cultural appropriation in fashion is a topic of ongoing debate.
",Fashion,0.8174622654914856
"The benefits of eating a DASH diet are many, including reduced blood pressure and improved heart health.
",Health,0.7728211283683777
"The benefits of using biomass energy are many, including reduced greenhouse gas emissions and improved sustainability.
",Environment,0.7566325068473816
"The importance of food sovereignty cannot be overstated.
",Food,0.9715955257415771
"The benefits of using hydroelectric power are many, including reduced greenhouse gas emissions and improved sustainability.
",Environment,0.7802069187164307
"The impact of climate change on travel is becoming increasingly clear.
",Travel,0.9656922221183777
"The opposition party is calling for a vote of no confidence in the prime minister.
",Politics,0.9695764183998108
"The cost of healthcare is a major concern for many Americans.
",Health,0.9672735929489136
"The sports supplement company sponsors athletes to promote their products.
",Sports,0.9563531279563904
"The sports commentator provided insightful analysis during the game.
",Sports,0.9764926433563232
"The benefits of a cooperative learning education are many, including improved teamwork and social skills.
",Education,0.8982318639755249
"The World Health Organization has declared a global health emergency due to the spread of the coronavirus.
",Health,0.8780581951141357
"The benefits of using green roofs are many, including reduced energy consumption and improved stormwater management.
",Environment,0.7754750847816467
"The sports apparel company sponsors elite athletes in various disciplines.
",Sports,0.906676173210144
"The singer's new single climbed the charts, becoming a summer anthem.
",Entertainment,0.7046946287155151
"The importance of environmental education in education cannot be overstated.
",Environment,0.9331392049789429
"The importance of character education in education cannot be overstated.
",Education,0.8126265406608582
"The importance of physical education in education cannot be overstated.
",Education,0.7211267352104187
"The art museum offers educational programs for children and families.
",Education,0.82132887840271
"The impact of the aging population on luxury travel is a topic of concern.
",Travel,0.9030539989471436
"The benefits of financial planning for personal finance are well established.
",Finance,0.8085073828697205
"The two parties are at odds over the proposed budget.
",Politics,0.8109859824180603
"The prime minister has announced a new plan to improve the economy.
",Politics,0.7415294051170349
"The impact of desertification on the environment is a topic of ongoing concern.
",Environment,0.9006797075271606
"The impact of food deserts on childhood obesity is a topic of concern.
",Food,0.7736464142799377
"The impact of educational attainment on sustainable development is a topic of concern.
",Education,0.9456701278686523
"The benefits of traveling by camel are many, including adventure and cultural experience.
",Travel,0.8375465273857117
"The importance of science diplomacy in promoting international cooperation and addressing global challenges cannot be overstated.
",Science,0.9381909966468811
"The importance of protecting mangroves in maintaining coastal ecosystems cannot be overemphasized.
",Environment,0.8037627339363098
"The senator is facing criticism for her stance on the recent bill.
",Politics,0.8641363978385925
"The impact of fashion trends on consumer behavior is a topic of ongoing research.
",Fashion,0.8912371397018433
"The impact of fashion on social justice is a topic of ongoing research.
",Fashion,0.8442458510398865
"The benefits of a competency-based education are many, including improved mastery and skill development skills.
",Education,0.829648494720459
"The sports agent negotiates contracts on behalf of professional athletes.
",Sports,0.9448151588439941
"The benefits of eating a low-histamine diet are many, including reduced allergy symptoms and improved gut health.
",Health,0.8013505339622498
"The importance of reading food labels cannot be overstated.
",Food,0.9412094354629517
"The benefits of traveling by motorcycle are many, including adventure and freedom.
",Travel,0.8872771859169006
"The importance of ethical labor practices in fashion cannot be overstated.
",Fashion,0.9440189003944397
"The benefits of using zero-waste design in fashion are many, including reduced waste and improved sustainability.
",Fashion,0.9274574518203735
"The opposition party is calling for a national referendum.
",Politics,0.9258102178573608
"The importance of protecting riparian zones in maintaining water quality cannot be overemphasized.
",Environment,0.7759940028190613
"The e-commerce platform uses algorithms to recommend personalized products to customers.
",Technology,0.915627658367157
"The impact of ocean warming on marine life is a topic of ongoing scientific research.
",Science,0.9348695278167725
"The importance of food quality cannot be overemphasized.
",Food,0.9311006665229797
"The American Heart Association recommends eating a diet low in saturated and trans fats to reduce the risk of heart disease.
",Health,0.7048329710960388
"The coach motivated the team with an inspiring pep talk before the game.
",Sports,0.9158157110214233
"The soccer player was awarded MVP for outstanding performance throughout the season.
",Sports,0.9922780394554138
"The Congress is debating a new bill to reform the financial sector.
",Finance,0.904455840587616
"The American Heart Association recommends a diet low in sugar to reduce the risk of heart disease.
",Health,0.7177124619483948
"The importance of digital citizenship education in education cannot be overemphasized.
",Education,0.887768566608429
"The benefits of regular exercise for mental health are well documented.
",Health,0.761709451675415
"The importance of reducing water pollution in promoting sustainability cannot be overstated.
",Environment,0.7364587783813477
"The impact of fashion on water consumption is a topic of ongoing concern.
",Fashion,0.9308127760887146
"The importance of sustainable fashion marketing in promoting sustainability cannot be overstated.
",Fashion,0.953784167766571
"The American Heart Association recommends a diet low in cholesterol to reduce the risk of heart disease.
",Health,0.717022180557251
"The importance of ethics education in education cannot be overstated.
",Education,0.8327152132987976
"The benefits of a healthy diet for gut health are becoming increasingly clear.
",Health,0.791427493095398
"The benefits of a global education are many, including improved cross-cultural understanding and global awareness skills.
",Education,0.9026666283607483
"The robotics engineer designs robots for various applications, from manufacturing to healthcare.
",Health,0.838499128818512
"The World Health Organization is urging countries to invest in infectious disease control programs.
",Health,0.8776372671127319
"The importance of travel insurance cannot be overstated.
",Travel,0.9435369968414307
"The benefits of a healthy gut microbiome for overall health are becoming increasingly clear.
",Health,0.8709466457366943
"The importance of sustainable textile innovation in fashion cannot be overemphasized.
",Fashion,0.9423668384552002
"The startup accelerator provides mentoring and funding to early-stage tech companies.
",Technology,0.8885024189949036
"The impact of fashion on labor rights is a topic of ongoing research.
",Fashion,0.8379048109054565
"The importance of scientific ethics in ensuring the responsible conduct of research cannot be overemphasized.
",Science,0.9046498537063599
"The impact of fashion advertising on body image is a topic of ongoing concern.
",Fashion,0.8192218542098999
"The rowing team trained on the river early in the morning.
",Sports,0.986984372138977
"The impact of fashion on cultural heritage is a topic of ongoing concern.
",Fashion,0.8336940407752991
"The impact of the opioid crisis on healthcare costs is a topic of concern.
",Health,0.8527244329452515
"The opposition party is calling for a national strike.
",Politics,0.9340323209762573
"The benefits of a flipped classroom education are many, including improved engagement and retention skills.
",Education,0.9072660207748413
"The benefits of eating a low-lectin diet are many, including improved gut health and reduced inflammation.
",Health,0.7575925588607788
"The prime minister has announced a new plan to improve education.
",Education,0.9737673401832581
"The coding bootcamp teaches students programming languages and software development skills.
",Environment,0.7307825088500977
"The importance of global competence education in education cannot be overstated.
",Education,0.9154962301254272
"The theater production received a standing ovation from the audience.
",Entertainment,0.9717041254043579
"The benefits of solar power are many, including reduced greenhouse gas emissions and improved energy security.
",Environment,0.7240082025527954
"The impact of ocean acidification on marine life is a topic of ongoing scientific research.
",Science,0.9047929048538208
"The Supreme Court has issued a ruling on the controversial issue.
",Environment,0.735248863697052
"The link between poor nutrition and chronic diseases such as heart disease and cancer is well established.
",Health,0.7700397372245789
"The benefits of eating a raw food diet are many, including improved nutrient absorption and enzyme activity.
",Health,0.7461321949958801
"The best way to find the best local outdoor activities is to do your research ahead of time.
",Environment,0.7777859568595886
"The impact of food marketing on children is a topic of concern.
",Food,0.859913170337677
"The benefits of a healthy lifestyle for reducing the risk of chronic diseases are well documented.
",Health,0.870968759059906
"The benefits of robotics are many, including improved efficiency and safety in manufacturing and other industries.
",Technology,0.7741336226463318
"The benefits of using sustainable materials are many, including reduced resource depletion and improved sustainability.
",Environment,0.7363178730010986
"The benefits of smart grids are many, including improved energy efficiency and reduced greenhouse gas emissions.
",Environment,0.7282628417015076
"The impact of the aging population on solo travel is a topic of concern.
",Travel,0.8720358610153198
"The wrestling match was intense, with both competitors giving their all.
",Sports,0.9303271770477295
"The opposition party is calling for a national protest.
",Politics,0.9055582880973816
"The importance of food diversity cannot be overemphasized.
",Food,0.9153540730476379
"The benefits of a multilingual education are many, including improved cognitive and cultural awareness skills.
",Education,0.8682785034179688
"The importance of circular fashion in promoting sustainability cannot be overstated.
",Fashion,0.9376696348190308
"The impact of government regulation on finance is a topic of concern.
",Finance,0.9460698962211609
"The importance of food education cannot be overstated.
",Food,0.9627310633659363
"The benefits of regenerative medicine are many, including potential for repairing or replacing damaged tissues and organs.
",Health,0.7009971737861633
"The impact of teacher quality on student outcomes is a topic of ongoing research.
",Education,0.7375333309173584
"The student loan debt crisis is affecting millions of young people.
",Education,0.9396963715553284
"The basketball game went into overtime, but the home team emerged victorious.
",Sports,0.9958972930908203
"The impact of oil spills on the environment is a topic of ongoing research.
",Environment,0.734033465385437
"The swimmer broke the national record in the 200-meter butterfly.
",Sports,0.9752283096313477
"The impact of food deserts on food literacy is a topic of concern.
",Food,0.8423450589179993
"The benefits of a healthy lifestyle for reducing the risk of heart disease are well established.
",Health,0.8153529167175293
"The impact of the gig economy on travel experiences is a topic of ongoing debate.
",Travel,0.966311514377594
"The importance of food safety cannot be overstated.
",Food,0.9383557438850403
