ID,Label
0,Finance
1,Environment
2,Science
3,Technology
4,Technology
5,Technology
6,Travel
7,Travel
8,Fashion
9,Food
10,Health
11,Environment
12,Technology
13,Fashion
14,Politics
15,Education
16,Food
17,Science
18,Environment
19,Food
20,Politics
21,Environment
22,Science
23,Food
24,Health
25,Health
26,Environment
27,Environment
28,Environment
29,Environment
30,Food
31,Science
32,Politics
33,Politics
34,Science
35,Sports
36,Fashion
37,Health
38,Environment
39,Politics
40,Food
41,Education
42,Travel
43,Education
44,Travel
45,Sports
46,Travel
47,Environment
48,Science
49,Travel
50,Food
51,Health
52,Travel
53,Entertainment
54,Fashion
55,Health
56,Science
57,Finance
58,Sports
59,Sports
60,Education
61,Health
62,Education
63,Travel
64,Fashion
65,Food
66,Sports
67,Science
68,Sports
69,Health
70,Education
71,Health
72,Fashion
73,Health
74,Health
75,Fashion
76,Food
77,Politics
78,Sports
79,Fashion
80,Fashion
81,Sports
82,Environment
83,Finance
84,Health
85,Sports
86,Science
87,Science
88,Travel
89,Environment
90,Health
91,Technology
92,Health
93,Fashion
94,Science
95,Technology
96,Travel
97,Food
98,Sports
99,Science
100,Sports
101,Health
102,Technology
103,Politics
104,Science
105,Environment
106,Education
107,Food
108,Education
109,Food
110,Environment
111,Fashion
112,Environment
113,Finance
114,Fashion
115,Politics
116,Sports
117,Environment
118,Health
119,Health
120,Environment
121,Health
122,Politics
123,Sports
124,Travel
125,Health
126,Fashion
127,Education
128,Environment
129,Education
130,Environment
131,Science
132,Health
133,Health
134,Entertainment
135,Health
136,Finance
137,Food
138,Travel
139,Technology
140,Sports
141,Fashion
142,Health
143,Fashion
144,Finance
145,Environment
146,Finance
147,Finance
148,Entertainment
149,Health
150,Fashion
151,Politics
152,Fashion
153,Fashion
154,Politics
155,Technology
156,Travel
157,Fashion
158,Science
159,Fashion
160,Technology
161,Education
162,Travel
163,Education
164,Education
165,Environment
166,Education
167,Fashion
168,Science
169,Environment
170,Fashion
171,Sports
172,Health
173,Health
174,Sports
175,Fashion
176,Health
177,Environment
178,Environment
179,Health
180,Environment
181,Health
182,Fashion
183,Environment
184,Health
185,Fashion
186,Education
187,Sports
188,Environment
189,Education
190,Fashion
191,Education
192,Environment
193,Environment
194,Science
195,Health
196,Health
197,Health
198,Environment
199,Fashion
200,Environment
201,Health
202,Education
203,Politics
204,Food
205,Entertainment
206,Environment
207,Sports
208,Travel
209,Environment
210,Politics
211,Environment
212,Sports
213,Travel
214,Entertainment
215,Health
216,Environment
217,Health
218,Travel
219,Entertainment
220,Education
221,Science
222,Health
223,Environment
224,Education
225,Technology
226,Health
227,Health
228,Entertainment
229,Technology
230,Finance
231,Food
232,Food
233,Environment
234,Health
235,Environment
236,Politics
237,Health
238,Sports
239,Fashion
240,Food
241,Finance
242,Science
243,Health
244,Fashion
245,Food
246,Environment
247,Environment
248,Health
249,Sports
250,Technology
251,Food
252,Entertainment
253,Health
254,Travel
255,Sports
256,Entertainment
257,Travel
258,Technology
259,Sports
260,Science
261,Politics
262,Finance
263,Science
264,Environment
265,Education
266,Politics
267,Fashion
268,Education
269,Health
270,Travel
271,Fashion
272,Sports
273,Sports
274,Entertainment
275,Education
276,Health
277,Health
278,Technology
279,Politics
280,Education
281,Education
282,Food
283,Education
284,Entertainment
285,Sports
286,Health
287,Fashion
288,Education
289,Travel
290,Fashion
291,Health
292,Travel
293,Health
294,Travel
295,Science
296,Travel
297,Environment
298,Science
299,Education
300,Education
301,Fashion
302,Education
303,Finance
304,Education
305,Politics
306,Entertainment
307,Politics
308,Travel
309,Health
310,Fashion
311,Health
312,Food
313,Environment
314,Health
315,Politics
316,Travel
317,Politics
318,Health
319,Health
320,Science
321,Science
322,Food
323,Sports
324,Education
325,Politics
326,Food
327,Environment
328,Travel
329,Technology
330,Health
331,Politics
332,Science
333,Education
334,Food
335,Politics
336,Fashion
337,Health
338,Environment
339,Fashion
340,Travel
341,Travel
342,Sports
343,Food
344,Environment
345,Health
346,Education
347,Travel
348,Education
349,Food
350,Politics
351,Sports
352,Environment
353,Health
354,Finance
355,Sports
356,Health
357,Sports
358,Politics
359,Travel
360,Sports
361,Health
362,Travel
363,Environment
364,Entertainment
365,Science
366,Health
367,Science
368,Health
369,Science
370,Science
371,Politics
372,Health
373,Politics
374,Science
375,Environment
376,Sports
377,Environment
378,Food
379,Health
380,Environment
381,Sports
382,Education
383,Food
384,Travel
385,Health
386,Travel
387,Travel
388,Food
389,Food
390,Food
391,Health
392,Science
393,Politics
394,Politics
395,Health
396,Food
397,Science
398,Health
399,Travel
400,Sports
401,Science
402,Environment
403,Education
404,Technology
405,Health
406,Health
407,Fashion
408,Fashion
409,Environment
410,Environment
411,Health
412,Finance
413,Health
414,Science
415,Food
416,Education
417,Environment
418,Education
419,Politics
420,Travel
421,Finance
422,Health
423,Technology
424,Health
425,Environment
426,Environment
427,Health
428,Travel
429,Environment
430,Sports
431,Environment
432,Health
433,Politics
434,Sports
435,Education
436,Sports
437,Health
438,Environment
439,Health
440,Travel
441,Technology
442,Politics
443,Health
444,Food
445,Education
446,Health
447,Entertainment
448,Fashion
449,Health
450,Politics
451,Travel
452,Politics
453,Science
454,Sports
455,Fashion
456,Entertainment
457,Science
458,Sports
459,Environment
460,Entertainment
461,Science
462,Fashion
463,Fashion
464,Health
465,Finance
466,Travel
467,Health
468,Travel
469,Health
470,Fashion
471,Education
472,Sports
473,Health
474,Food
475,Health
476,Travel
477,Food
478,Sports
479,Health
480,Science
481,Health
482,Politics
483,Fashion
484,Environment
485,Science
486,Food
487,Environment
488,Travel
489,Technology
490,Travel
491,Food
492,Travel
493,Fashion
494,Politics
495,Sports
496,Fashion
497,Science
498,Environment
499,Education
500,Education
501,Travel
502,Finance
503,Health
504,Travel
505,Sports
506,Travel
507,Sports
508,Travel
509,Food
510,Food
511,Science
512,Environment
513,Food
514,Travel
515,Entertainment
516,Health
517,Travel
518,Science
519,Travel
520,Sports
521,Fashion
522,Environment
523,Fashion
524,Sports
525,Fashion
526,Environment
527,Education
528,Technology
529,Education
530,Environment
531,Health
532,Fashion
533,Travel
534,Health
535,Environment
536,Finance
537,Health
538,Health
539,Fashion
540,Environment
541,Science
542,Health
543,Environment
544,Food
545,Travel
546,Travel
547,Sports
548,Entertainment
549,Environment
550,Politics
551,Politics
552,Health
553,Environment
554,Health
555,Sports
556,Technology
557,Food
558,Fashion
559,Politics
560,Fashion
561,Science
562,Sports
563,Environment
564,Science
565,Environment
566,Finance
567,Travel
568,Technology
569,Technology
570,Technology
571,Environment
572,Education
573,Environment
574,Food
575,Technology
576,Fashion
577,Environment
578,Education
579,Health
580,Health
581,Health
582,Finance
583,Entertainment
584,Sports
585,Sports
586,Food
587,Politics
588,Sports
589,Food
590,Sports
591,Entertainment
592,Entertainment
593,Travel
594,Finance
595,Health
596,Science
597,Education
598,Health
599,Environment
600,Education
601,Politics
602,Food
603,Sports
604,Sports
605,Science
606,Finance
607,Health
608,Health
609,Politics
610,Travel
611,Health
612,Health
613,Education
614,Health
615,Education
616,Technology
617,Education
618,Science
619,Food
620,Travel
621,Health
622,Food
623,Environment
624,Politics
625,Sports
626,Fashion
627,Education
628,Health
629,Education
630,Science
631,Science
632,Environment
633,Health
634,Food
635,Politics
636,Entertainment
637,Environment
638,Health
639,Education
640,Food
641,Environment
642,Health
643,Fashion
644,Education
645,Technology
646,Politics
647,Fashion
648,Travel
649,Technology
650,Food
651,Fashion
652,Fashion
653,Environment
654,Politics
655,Environment
656,Fashion
657,Health
658,Fashion
659,Finance
660,Sports
661,Politics
662,Travel
663,Health
664,Food
665,Fashion
666,Health
667,Environment
668,Finance
669,Sports
670,Sports
671,Politics
672,Food
673,Sports
674,Science
675,Science
676,Environment
677,Health
678,Health
679,Fashion
680,Finance
681,Health
682,Sports
683,Fashion
684,Environment
685,Food
686,Politics
687,Education
688,Education
689,Politics
690,Health
691,Sports
692,Health
693,Health
694,Environment
695,Travel
696,Fashion
697,Technology
698,Finance
699,Fashion
700,Fashion
701,Health
702,Environment
703,Fashion
704,Technology
705,Travel
706,Science
707,Health
708,Fashion
709,Sports
710,Politics
711,Travel
712,Food
713,Education
714,Sports
715,Science
716,Politics
717,Travel
718,Environment
719,Science
720,Education
721,Fashion
722,Science
723,Education
724,Education
725,Finance
726,Health
727,Health
728,Health
729,Politics
730,Environment
731,Travel
732,Fashion
733,Politics
734,Politics
735,Politics
736,Science
737,Health
738,Entertainment
739,Science
740,Education
741,Sports
742,Food
743,Health
744,Environment
745,Travel
746,Food
747,Travel
748,Health
749,Education
750,Sports
751,Politics
752,Politics
753,Education
754,Education
755,Finance
756,Politics
757,Fashion
758,Fashion
759,Health
760,Sports
761,Food
762,Fashion
763,Environment
764,Health
765,Finance
766,Fashion
767,Health
768,Fashion
769,Education
770,Environment
771,Education
772,Entertainment
773,Environment
774,Education
775,Environment
776,Education
777,Education
778,Travel
779,Sports
780,Health
781,Science
782,Travel
783,Finance
784,Health
785,Health
786,Education
787,Environment
788,Politics
789,Health
790,Fashion
791,Environment
792,Health
793,Fashion
794,Food
795,Environment
796,Travel
797,Finance
798,Travel
799,Sports
800,Environment
801,Environment
802,Fashion
803,Technology
804,Environment
805,Education
806,Education
807,Education
808,Science
809,Politics
810,Travel
811,Travel
812,Science
813,Fashion
814,Education
815,Education
816,Environment
817,Sports
818,Health
819,Fashion
820,Health
821,Health
822,Travel
823,Food
824,Health
825,Entertainment
826,Sports
827,Food
828,Health
829,Education
830,Science
831,Fashion
832,Technology
833,Education
834,Environment
835,Education
836,Health
837,Science
838,Health
839,Environment
840,Politics
841,Food
842,Health
843,Food
844,Technology
845,Sports
846,Entertainment
847,Science
848,Travel
849,Sports
850,Food
851,Food
852,Environment
853,Entertainment
854,Politics
855,Entertainment
856,Food
857,Fashion
858,Fashion
859,Food
860,Fashion
861,Fashion
862,Health
863,Sports
864,Health
865,Technology
866,Environment
867,Environment
868,Travel
869,Sports
870,Food
871,Politics
872,Food
873,Education
874,Travel
875,Health
876,Science
877,Environment
878,Health
879,Politics
880,Environment
881,Politics
882,Entertainment
883,Environment
884,Travel
885,Environment
886,Entertainment
887,Sports
888,Education
889,Sports
890,Fashion
891,Sports
892,Environment
893,Education
894,Health
895,Food
896,Entertainment
897,Health
898,Entertainment
899,Environment
900,Environment
901,Food
902,Sports
903,Environment
904,Education
905,Health
906,Sports
907,Sports
908,Science
909,Environment
910,Sports
911,Travel
912,Sports
913,Fashion
914,Travel
915,Fashion
916,Health
917,Travel
918,Travel
919,Environment
920,Fashion
921,Travel
922,Science
923,Sports
924,Education
925,Politics
926,Food
927,Health
928,Health
929,Education
930,Food
931,Technology
932,Health
933,Education
934,Environment
935,Fashion
936,Science
937,Education
938,Health
939,Sports
940,Science
941,Travel
942,Fashion
943,Entertainment
944,Health
945,Sports
946,Food
947,Travel
948,Science
949,Environment
950,Food
951,Fashion
952,Fashion
953,Technology
954,Health
955,Environment
956,Travel
957,Education
958,Food
959,Education
960,Finance
961,Environment
962,Science
963,Technology
964,Health
965,Technology
966,Travel
967,Travel
968,Finance
969,Politics
970,Health
971,Sports
972,Sports
973,Fashion
974,Education
975,Health
976,Food
977,Environment
978,Technology
979,Sports
980,Finance
981,Entertainment
982,Travel
983,Environment
984,Education
985,Education
986,Sports
987,Travel
988,Finance
989,Politics
990,Environment
991,Politics
992,Environment
993,Environment
994,Food
995,Education
996,Travel
997,Finance
998,Politics
999,Science
1000,Environment
1001,Health
1002,Finance
1003,Finance
1004,Politics
1005,Entertainment
1006,Food
1007,Food
1008,Education
1009,Sports
1010,Health
1011,Food
1012,Travel
1013,Education
1014,Education
1015,Fashion
1016,Fashion
1017,Politics
1018,Environment
1019,Environment
1020,Technology
1021,Science
1022,Food
1023,Health
1024,Sports
1025,Sports
1026,Politics
1027,Science
1028,Health
1029,Education
1030,Health
1031,Health
1032,Environment
1033,Fashion
1034,Fashion
1035,Environment
1036,Food
1037,Finance
1038,Health
1039,Politics
1040,Fashion
1041,Food
1042,Education
1043,Health
1044,Fashion
1045,Environment
1046,Travel
1047,Health
1048,Education
1049,Science
1050,Health
1051,Technology
1052,Health
1053,Fashion
1054,Health
1055,Technology
1056,Travel
1057,Environment
1058,Health
1059,Fashion
1060,Environment
1061,Education
1062,Technology
1063,Health
1064,Environment
1065,Travel
1066,Fashion
1067,Science
1068,Fashion
1069,Sports
1070,Education
1071,Fashion
1072,Health
1073,Politics
1074,Technology
1075,Travel
1076,Health
1077,Education
1078,Politics
1079,Travel
1080,Education
1081,Health
1082,Politics
1083,Environment
1084,Finance
1085,Politics
1086,Education
1087,Politics
1088,Education
1089,Entertainment
1090,Environment
1091,Politics
1092,Environment
1093,Science
1094,Environment
1095,Health
1096,Health
1097,Environment
1098,Politics
1099,Food
1100,Health
1101,Fashion
1102,Fashion
1103,Health
1104,Sports
1105,Environment
1106,Fashion
1107,Environment
1108,Travel
1109,Fashion
1110,Fashion
1111,Travel
1112,Sports
1113,Sports
1114,Education
1115,Politics
1116,Food
1117,Education
1118,Travel
1119,Fashion
1120,Travel
1121,Fashion
1122,Food
1123,Education
1124,Technology
1125,Education
1126,Education
1127,Finance
1128,Sports
1129,Finance
1130,Environment
1131,Sports
1132,Travel
1133,Food
1134,Health
1135,Politics
1136,Travel
1137,Food
1138,Health
1139,Politics
